Contacts Positions
Use of MNI Template	MarsAtlas	False	Freesurfer	True	HippoSubfieldFreesurfer	True
contact	MarsAtlas	Freesurfer	Hippocampal Subfield	GreyWhite	Resection	MNI
E'01	not in a mars atlas parcel	not in a freesurfer parcel	not in a hippocamp subfield	WhiteMatter	resection not calculated	[-28.588, 35.73, 12.803]
E'02	L_Pfrdli	ctx_lh_S_front_inf	not in a hippocamp subfield	WhiteMatter	resection not calculated	[-32.485, 35.638, 12.807]
E'03	L_Pfrdli	ctx_lh_S_front_inf	not in a hippocamp subfield	WhiteMatter	resection not calculated	[-36.552, 35.628, 12.521]
E'04	L_PFrvl	ctx_lh_S_front_inf	not in a hippocamp subfield	WhiteMatter	resection not calculated	[-40.474, 35.577, 12.037]
E'05	L_PFrvl	ctx_lh_S_front_inf	not in a hippocamp subfield	WhiteMatter	resection not calculated	[-44.48, 35.553, 11.548]
F'01	L_PFrd	ctx_rh_G_front_sup	not in a hippocamp subfield	GreyMatter	resection not calculated	[-0.057, 56.859, 8.001]
F'02	L_PFrd	ctx_lh_G_front_sup	not in a hippocamp subfield	GreyMatter	resection not calculated	[-3.769, 56.755, 7.837]
F'03	L_PFrm	ctx_lh_G_and_S_cingul-Ant	not in a hippocamp subfield	WhiteMatter	resection not calculated	[-7.526, 56.364, 7.639]
F'04	L_PFrd	ctx_lh_G_and_S_cingul-Ant	not in a hippocamp subfield	WhiteMatter	resection not calculated	[-11.19, 56.11, 7.421]
F'05	L_PFrd	not in a freesurfer parcel	not in a hippocamp subfield	WhiteMatter	resection not calculated	[-14.9, 55.51, 7.106]
F'06	L_Pfrdls	ctx_lh_S_front_middle	not in a hippocamp subfield	WhiteMatter	resection not calculated	[-18.56, 54.982, 7.003]
F'07	L_Pfrdls	ctx_lh_S_front_middle	not in a hippocamp subfield	GreyMatter	resection not calculated	[-22.242, 54.464, 6.965]
F'08	L_Pfrdli	ctx_lh_S_front_middle	not in a hippocamp subfield	GreyMatter	resection not calculated	[-26.149, 53.78, 7.074]
F'09	L_Pfrdli	ctx_lh_S_front_middle	not in a hippocamp subfield	GreyMatter	resection not calculated	[-29.941, 53.229, 7.0]
F'10	L_Pfrdli	ctx_lh_S_orbital_lateral	not in a hippocamp subfield	GreyMatter	resection not calculated	[-33.938, 52.511, 6.887]
F'11	L_Pfrdli	ctx_lh_S_orbital_lateral	not in a hippocamp subfield	GreyMatter	resection not calculated	[-37.785, 51.961, 6.758]
F'12	L_Pfrdli	ctx_lh_G_front_middle	not in a hippocamp subfield	GreyMatter	resection not calculated	[-41.932, 51.292, 6.666]
G'01	L_Mdm	ctx_lh_G_and_S_cingul-Mid-Post	not in a hippocamp subfield	GreyMatter	resection not calculated	[-6.693, -11.928, 47.273]
G'02	L_Mdm	ctx_lh_G_and_S_cingul-Mid-Post	not in a hippocamp subfield	GreyMatter	resection not calculated	[-10.449, -11.807, 47.813]
G'03	L_Mdm	not in a freesurfer parcel	not in a hippocamp subfield	WhiteMatter	resection not calculated	[-14.207, -11.724, 48.623]
G'04	not in a mars atlas parcel	not in a freesurfer parcel	not in a hippocamp subfield	WhiteMatter	resection not calculated	[-17.962, -11.623, 48.948]
G'05	not in a mars atlas parcel	ctx_lh_S_precentral-sup-part	not in a hippocamp subfield	WhiteMatter	resection not calculated	[-21.69, -11.635, 49.334]
G'06	L_Mdl	ctx_lh_S_precentral-sup-part	not in a hippocamp subfield	WhiteMatter	resection not calculated	[-25.513, -11.601, 49.608]
G'07	not in a mars atlas parcel	ctx_lh_S_precentral-sup-part	not in a hippocamp subfield	WhiteMatter	resection not calculated	[-29.34, -11.464, 50.35]
G'08	not in a mars atlas parcel	ctx_lh_S_precentral-sup-part	not in a hippocamp subfield	WhiteMatter	resection not calculated	[-33.098, -11.135, 50.91]
G'09	not in a mars atlas parcel	not in a freesurfer parcel	not in a hippocamp subfield	WhiteMatter	resection not calculated	[-36.877, -10.806, 51.634]
G'10	L_Mdl	ctx_lh_G_precentral	not in a hippocamp subfield	WhiteMatter	resection not calculated	[-40.624, -10.451, 52.101]
G'11	L_Mdl	ctx_lh_G_precentral	not in a hippocamp subfield	GreyMatter	resection not calculated	[-44.446, -10.075, 52.884]
G'12	L_Mdl	ctx_lh_G_precentral	not in a hippocamp subfield	GreyMatter	resection not calculated	[-48.216, -9.736, 53.518]
K'01	L_PMdm	ctx_lh_G_and_S_cingul-Mid-Ant	not in a hippocamp subfield	GreyMatter	resection not calculated	[-5.218, 11.446, 38.782]
K'02	L_PMdm	ctx_lh_G_and_S_cingul-Mid-Ant	not in a hippocamp subfield	WhiteMatter	resection not calculated	[-8.795, 11.774, 38.859]
K'03	not in a mars atlas parcel	ctx_lh_G_and_S_cingul-Mid-Ant	not in a hippocamp subfield	WhiteMatter	resection not calculated	[-12.444, 12.052, 38.957]
K'04	not in a mars atlas parcel	not in a freesurfer parcel	not in a hippocamp subfield	WhiteMatter	resection not calculated	[-16.17, 12.373, 39.116]
K'05	L_PMdm	not in a freesurfer parcel	not in a hippocamp subfield	WhiteMatter	resection not calculated	[-19.908, 12.674, 39.575]
K'06	L_PMdm	ctx_lh_S_front_sup	not in a hippocamp subfield	GreyMatter	resection not calculated	[-23.653, 12.996, 40.16]
K'07	L_PMdl	ctx_lh_S_front_sup	not in a hippocamp subfield	GreyMatter	resection not calculated	[-27.388, 13.245, 40.188]
K'08	not in a mars atlas parcel	not in a freesurfer parcel	not in a hippocamp subfield	WhiteMatter	resection not calculated	[-31.168, 13.455, 39.75]
K'09	L_PFcdl	not in a freesurfer parcel	not in a hippocamp subfield	WhiteMatter	resection not calculated	[-34.993, 13.742, 39.34]
K'10	L_PFcdl	ctx_lh_S_precentral-inf-part	not in a hippocamp subfield	WhiteMatter	resection not calculated	[-38.92, 14.064, 39.065]
K'11	L_PMdl	ctx_lh_G_front_middle	not in a hippocamp subfield	WhiteMatter	resection not calculated	[-42.815, 14.424, 38.764]
K'12	L_PMdl	not in a freesurfer parcel	not in a hippocamp subfield	GreyMatter	resection not calculated	[-46.686, 14.802, 38.639]
K'13	L_PMdl	ctx_lh_G_front_middle	not in a hippocamp subfield	GreyMatter	resection not calculated	[-50.625, 15.208, 38.75]
K'14	not in a mars atlas parcel	ctx_lh_G_front_middle	not in a hippocamp subfield	not in brain matter	resection not calculated	[-54.466, 15.626, 38.809]
K'15	not in a mars atlas parcel	not in a freesurfer parcel	not in a hippocamp subfield	not in brain matter	resection not calculated	[-58.301, 16.023, 38.79]
M'01	L_Mdm	not in a freesurfer parcel	not in a hippocamp subfield	GreyMatter	resection not calculated	[-9.272, -18.184, 57.156]
M'02	L_Mdm	not in a freesurfer parcel	not in a hippocamp subfield	WhiteMatter	resection not calculated	[-12.426, -17.842, 59.341]
M'03	not in a mars atlas parcel	WM-hypointensities	not in a hippocamp subfield	WhiteMatter	resection not calculated	[-15.614, -17.405, 61.784]
M'04	L_Mdl	not in a freesurfer parcel	not in a hippocamp subfield	GreyMatter	resection not calculated	[-18.718, -16.768, 64.647]
M'05	L_Mdl	not in a freesurfer parcel	not in a hippocamp subfield	GreyMatter	resection not calculated	[-21.733, -16.199, 67.484]
M'06	L_Mdl	ctx_lh_G_precentral	not in a hippocamp subfield	GreyMatter	resection not calculated	[-24.716, -15.644, 70.309]
M'07	L_Mdl	ctx_lh_G_precentral	not in a hippocamp subfield	GreyMatter	resection not calculated	[-27.726, -15.032, 73.031]
M'08	not in a mars atlas parcel	ctx_lh_G_precentral	not in a hippocamp subfield	not in brain matter	resection not calculated	[-30.762, -14.464, 74.87]
M'09	not in a mars atlas parcel	not in a freesurfer parcel	not in a hippocamp subfield	not in brain matter	resection not calculated	[-33.877, -13.996, 76.526]
M'10	not in a mars atlas parcel	not in a freesurfer parcel	not in a hippocamp subfield	not in brain matter	resection not calculated	[-36.918, -13.518, 78.198]
O'01	L_PFCvm	ctx_lh_G_rectus	not in a hippocamp subfield	GreyMatter	resection not calculated	[-2.869, 40.772, -18.696]
O'02	L_PFCvm	ctx_lh_S_suborbital	not in a hippocamp subfield	GreyMatter	resection not calculated	[-6.658, 40.79, -18.341]
O'03	L_PFCvm	ctx_lh_S_orbital_med-olfact	not in a hippocamp subfield	WhiteMatter	resection not calculated	[-10.457, 40.764, -18.058]
O'04	L_OFCv	ctx_lh_S_orbital-H_Shaped	not in a hippocamp subfield	WhiteMatter	resection not calculated	[-14.16, 40.752, -17.513]
O'05	L_OFCv	ctx_lh_S_orbital-H_Shaped	not in a hippocamp subfield	GreyMatter	resection not calculated	[-17.847, 40.663, -16.973]
O'06	L_OFCvl	ctx_lh_S_orbital-H_Shaped	not in a hippocamp subfield	GreyMatter	resection not calculated	[-21.645, 40.614, -15.807]
O'07	L_OFCvl	ctx_lh_S_orbital-H_Shaped	not in a hippocamp subfield	WhiteMatter	resection not calculated	[-25.406, 40.517, -14.717]
O'08	L_OFCvl	ctx_lh_S_orbital-H_Shaped	not in a hippocamp subfield	GreyMatter	resection not calculated	[-29.249, 40.47, -13.366]
O'09	L_OFCvl	ctx_lh_S_orbital-H_Shaped	not in a hippocamp subfield	GreyMatter	resection not calculated	[-33.109, 40.266, -12.142]
O'10	L_OFCvl	ctx_lh_S_orbital-H_Shaped	not in a hippocamp subfield	GreyMatter	resection not calculated	[-36.97, 40.037, -11.64]
O'11	L_OFCvl	ctx_lh_G_orbital	not in a hippocamp subfield	WhiteMatter	resection not calculated	[-40.842, 39.744, -11.708]
O'12	L_OFCvl	ctx_lh_S_orbital_lateral	not in a hippocamp subfield	GreyMatter	resection not calculated	[-44.72, 39.45, -11.576]
P'01	not in a mars atlas parcel	ctx_lh_S_circular_insula_sup	not in a hippocamp subfield	WhiteMatter	resection not calculated	[-28.309, 11.148, 15.404]
P'02	L_PMrv	ctx_lh_S_circular_insula_sup	not in a hippocamp subfield	WhiteMatter	resection not calculated	[-32.056, 10.737, 15.842]
P'03	not in a mars atlas parcel	ctx_lh_S_circular_insula_sup	not in a hippocamp subfield	WhiteMatter	resection not calculated	[-35.845, 10.178, 16.172]
P'04	not in a mars atlas parcel	not in a freesurfer parcel	not in a hippocamp subfield	WhiteMatter	resection not calculated	[-39.596, 9.706, 16.334]
P'05	L_PMrv	ctx_lh_S_precentral-inf-part	not in a hippocamp subfield	GreyMatter	resection not calculated	[-43.477, 9.202, 16.512]
P'06	L_PMrv	ctx_lh_S_precentral-inf-part	not in a hippocamp subfield	GreyMatter	resection not calculated	[-47.251, 8.806, 16.646]
P'07	L_PMrv	ctx_lh_S_precentral-inf-part	not in a hippocamp subfield	GreyMatter	resection not calculated	[-51.173, 8.581, 17.377]
P'08	L_PMrv	ctx_lh_S_precentral-inf-part	not in a hippocamp subfield	GreyMatter	resection not calculated	[-55.05, 8.38, 17.929]
Q'01	L_Sdm	ctx_lh_G_and_S_paracentral	not in a hippocamp subfield	GreyMatter	resection not calculated	[-4.098, -30.514, 62.674]
Q'02	L_Sdm	not in a freesurfer parcel	not in a hippocamp subfield	WhiteMatter	resection not calculated	[-7.846, -30.154, 62.706]
Q'03	L_Sdl	ctx_lh_S_central	not in a hippocamp subfield	WhiteMatter	resection not calculated	[-11.616, -29.679, 62.85]
Q'04	L_Sdl	ctx_lh_S_central	not in a hippocamp subfield	GreyMatter	resection not calculated	[-15.458, -29.235, 63.313]
Q'05	L_Sdl	ctx_lh_S_central	not in a hippocamp subfield	GreyMatter	resection not calculated	[-19.212, -28.613, 63.888]
Q'06	L_Sdl	ctx_lh_G_postcentral	not in a hippocamp subfield	GreyMatter	resection not calculated	[-22.933, -27.984, 64.285]
Q'07	L_Sdl	ctx_lh_G_postcentral	not in a hippocamp subfield	GreyMatter	resection not calculated	[-26.642, -27.366, 64.498]
Q'08	L_Sdl	ctx_lh_G_precentral	not in a hippocamp subfield	GreyMatter	resection not calculated	[-30.353, -26.788, 64.665]
Q'09	L_Sdl	ctx_lh_G_postcentral	not in a hippocamp subfield	GreyMatter	resection not calculated	[-34.066, -26.214, 64.702]
Q'10	L_Sdl	ctx_lh_G_postcentral	not in a hippocamp subfield	GreyMatter	resection not calculated	[-37.836, -25.644, 64.358]
Q'11	L_Sdl	ctx_lh_G_postcentral	not in a hippocamp subfield	GreyMatter	resection not calculated	[-41.487, -25.134, 64.308]
Q'12	L_Sdl	ctx_lh_G_postcentral	not in a hippocamp subfield	GreyMatter	resection not calculated	[-45.273, -24.509, 64.934]
S'01	L_PMdm	ctx_lh_G_front_sup	not in a hippocamp subfield	GreyMatter	resection not calculated	[-4.301, 7.752, 57.654]
S'02	L_PMdm	ctx_lh_G_front_sup	not in a hippocamp subfield	GreyMatter	resection not calculated	[-7.839, 7.83, 57.948]
S'03	L_PMdm	ctx_lh_G_front_sup	not in a hippocamp subfield	GreyMatter	resection not calculated	[-11.416, 7.951, 58.321]
S'04	L_PMdm	not in a freesurfer parcel	not in a hippocamp subfield	WhiteMatter	resection not calculated	[-14.962, 8.075, 59.205]
S'05	L_PMdm	ctx_lh_S_front_sup	not in a hippocamp subfield	WhiteMatter	resection not calculated	[-18.593, 8.342, 60.336]
S'06	L_PMdm	ctx_lh_S_front_sup	not in a hippocamp subfield	GreyMatter	resection not calculated	[-22.134, 8.501, 61.327]
S'07	L_PMdm	ctx_lh_G_front_middle	not in a hippocamp subfield	GreyMatter	resection not calculated	[-25.821, 8.775, 62.4]
S'08	L_PMdl	ctx_lh_G_front_middle	not in a hippocamp subfield	GreyMatter	resection not calculated	[-29.524, 9.057, 63.241]
S'09	L_PMdl	ctx_lh_G_front_middle	not in a hippocamp subfield	GreyMatter	resection not calculated	[-33.263, 9.353, 63.853]
S'10	not in a mars atlas parcel	ctx_lh_G_front_middle	not in a hippocamp subfield	not in brain matter	resection not calculated	[-36.903, 9.684, 64.534]
S'11	not in a mars atlas parcel	not in a freesurfer parcel	not in a hippocamp subfield	not in brain matter	resection not calculated	[-40.672, 9.963, 65.421]
S'12	not in a mars atlas parcel	not in a freesurfer parcel	not in a hippocamp subfield	not in brain matter	resection not calculated	[-44.413, 10.226, 66.087]
U'01	L_Sdm	ctx_lh_G_and_S_cingul-Mid-Post	not in a hippocamp subfield	WhiteMatter	resection not calculated	[-5.09, -12.247, 34.231]
U'02	L_Sdm	ctx_lh_G_and_S_cingul-Mid-Post	not in a hippocamp subfield	WhiteMatter	resection not calculated	[-8.819, -12.1, 34.814]
U'03	L_Mdm	not in a freesurfer parcel	not in a hippocamp subfield	WhiteMatter	resection not calculated	[-12.583, -11.928, 35.067]
U'04	not in a mars atlas parcel	not in a freesurfer parcel	not in a hippocamp subfield	WhiteMatter	resection not calculated	[-16.434, -11.772, 35.246]
U'05	not in a mars atlas parcel	not in a freesurfer parcel	not in a hippocamp subfield	WhiteMatter	resection not calculated	[-20.324, -11.646, 35.475]
U'06	not in a mars atlas parcel	not in a freesurfer parcel	not in a hippocamp subfield	WhiteMatter	resection not calculated	[-24.271, -11.515, 35.727]
U'07	not in a mars atlas parcel	not in a freesurfer parcel	not in a hippocamp subfield	WhiteMatter	resection not calculated	[-28.192, -11.365, 36.075]
U'08	L_Mdl	not in a freesurfer parcel	not in a hippocamp subfield	WhiteMatter	resection not calculated	[-32.103, -11.154, 36.448]
U'09	not in a mars atlas parcel	not in a freesurfer parcel	not in a hippocamp subfield	WhiteMatter	resection not calculated	[-35.891, -10.806, 36.686]
U'10	L_Mdl	not in a freesurfer parcel	not in a hippocamp subfield	WhiteMatter	resection not calculated	[-39.679, -10.538, 36.81]
U'11	L_Mdl	not in a freesurfer parcel	not in a hippocamp subfield	WhiteMatter	resection not calculated	[-43.431, -10.047, 36.815]
U'12	L_Mdl	ctx_lh_S_central	not in a hippocamp subfield	WhiteMatter	resection not calculated	[-47.045, -9.645, 36.725]
U'13	L_Mdl	ctx_lh_S_central	not in a hippocamp subfield	GreyMatter	resection not calculated	[-50.93, -9.474, 36.418]
U'14	L_Mdl	ctx_lh_S_central	not in a hippocamp subfield	GreyMatter	resection not calculated	[-54.634, -9.195, 36.05]
U'15	L_Sv	ctx_lh_G_postcentral	not in a hippocamp subfield	GreyMatter	resection not calculated	[-58.463, -9.08, 35.734]
X'01	not in a mars atlas parcel	not in a freesurfer parcel	not in a hippocamp subfield	WhiteMatter	resection not calculated	[-26.417, 23.785, 24.433]
X'02	L_PFcdl	not in a freesurfer parcel	not in a hippocamp subfield	WhiteMatter	resection not calculated	[-30.253, 23.719, 24.92]
X'03	L_PFcdl	ctx_lh_S_front_inf	not in a hippocamp subfield	GreyMatter	resection not calculated	[-34.225, 23.568, 24.792]
X'04	L_PFcdl	ctx_lh_S_front_inf	not in a hippocamp subfield	GreyMatter	resection not calculated	[-38.132, 23.404, 24.508]
X'05	L_PMrv	ctx_lh_S_front_inf	not in a hippocamp subfield	GreyMatter	resection not calculated	[-42.116, 23.349, 24.349]
X'06	L_PMrv	ctx_lh_G_front_middle	not in a hippocamp subfield	GreyMatter	resection not calculated	[-46.081, 23.324, 24.172]
X'07	L_PMrv	ctx_lh_G_front_inf-Opercular	not in a hippocamp subfield	GreyMatter	resection not calculated	[-49.951, 23.48, 24.26]
X'08	L_PMrv	ctx_lh_G_front_inf-Opercular	not in a hippocamp subfield	GreyMatter	resection not calculated	[-53.859, 23.678, 24.795]
Y'01	R_PFrd	ctx_lh_G_front_sup	not in a hippocamp subfield	GreyMatter	resection not calculated	[0.387, 53.254, 23.06]
Y'02	L_PFrd	ctx_lh_G_front_sup	not in a hippocamp subfield	GreyMatter	resection not calculated	[-3.206, 53.568, 22.734]
Y'03	L_PFrd	ctx_lh_G_front_sup	not in a hippocamp subfield	GreyMatter	resection not calculated	[-6.823, 53.799, 22.306]
Y'04	L_PFrd	ctx_lh_G_front_sup	not in a hippocamp subfield	WhiteMatter	resection not calculated	[-10.415, 53.874, 21.667]
Y'05	L_Pfrdls	ctx_lh_G_front_sup	not in a hippocamp subfield	WhiteMatter	resection not calculated	[-14.137, 53.88, 20.988]
Y'06	L_Pfrdls	ctx_lh_S_front_middle	not in a hippocamp subfield	WhiteMatter	resection not calculated	[-17.911, 53.98, 20.552]
Y'07	L_Pfrdls	ctx_lh_S_front_middle	not in a hippocamp subfield	GreyMatter	resection not calculated	[-21.763, 54.052, 20.463]
Y'08	L_Pfrdls	ctx_lh_G_front_middle	not in a hippocamp subfield	GreyMatter	resection not calculated	[-25.645, 54.139, 20.286]
Y'09	L_Pfrdls	ctx_lh_G_front_middle	not in a hippocamp subfield	GreyMatter	resection not calculated	[-29.378, 54.167, 19.931]
Y'10	L_Pfrdls	ctx_lh_G_front_middle	not in a hippocamp subfield	GreyMatter	resection not calculated	[-33.244, 54.039, 19.279]
Y'11	L_Pfrdli	ctx_lh_G_front_middle	not in a hippocamp subfield	GreyMatter	resection not calculated	[-37.044, 54.008, 18.869]
Y'12	not in a mars atlas parcel	ctx_lh_G_front_middle	not in a hippocamp subfield	not in brain matter	resection not calculated	[-40.95, 54.138, 18.686]
Z'01	L_PFcdm	ctx_lh_G_front_sup	not in a hippocamp subfield	GreyMatter	resection not calculated	[-2.92, 33.15, 49.146]
Z'02	L_PFcdm	ctx_lh_G_front_sup	not in a hippocamp subfield	WhiteMatter	resection not calculated	[-6.481, 33.438, 48.781]
Z'03	L_PFcdm	not in a freesurfer parcel	not in a hippocamp subfield	GreyMatter	resection not calculated	[-10.067, 33.748, 48.427]
Z'04	L_PFcdm	not in a freesurfer parcel	not in a hippocamp subfield	GreyMatter	resection not calculated	[-13.525, 33.895, 47.888]
Z'05	L_PFcdm	ctx_lh_S_front_sup	not in a hippocamp subfield	WhiteMatter	resection not calculated	[-17.127, 34.041, 47.48]
Z'06	L_PFcdm	ctx_lh_S_front_sup	not in a hippocamp subfield	GreyMatter	resection not calculated	[-20.785, 34.33, 47.401]
Z'07	L_PFcdl	ctx_lh_S_front_sup	not in a hippocamp subfield	GreyMatter	resection not calculated	[-24.518, 34.62, 47.368]
Z'08	L_PFcdl	ctx_lh_G_front_middle	not in a hippocamp subfield	GreyMatter	resection not calculated	[-28.355, 34.713, 47.13]
Z'09	L_PFcdl	ctx_lh_G_front_middle	not in a hippocamp subfield	GreyMatter	resection not calculated	[-32.153, 34.904, 46.956]
Z'10	not in a mars atlas parcel	ctx_lh_G_front_middle	not in a hippocamp subfield	not in brain matter	resection not calculated	[-36.072, 35.142, 46.807]
Z'11	not in a mars atlas parcel	not in a freesurfer parcel	not in a hippocamp subfield	not in brain matter	resection not calculated	[-39.802, 35.237, 46.34]
Z'12	not in a mars atlas parcel	not in a freesurfer parcel	not in a hippocamp subfield	not in brain matter	resection not calculated	[-43.617, 35.403, 46.06]


E'02 - E'01	L_Pfrdli	ctx_lh_S_front_inf	not in a hippocamp subfield	WhiteMatter	resection not calculated	[-30.536, 35.684, 12.805]
E'03 - E'02	L_Pfrdli	ctx_lh_S_front_inf	not in a hippocamp subfield	GreyMatter	resection not calculated	[-34.518, 35.633, 12.664]
E'04 - E'03	L_PFrvl	ctx_lh_S_front_inf	not in a hippocamp subfield	GreyMatter	resection not calculated	[-38.513, 35.602, 12.279]
E'05 - E'04	L_PFrvl	ctx_lh_S_front_inf	not in a hippocamp subfield	WhiteMatter	resection not calculated	[-42.477, 35.565, 11.793]
F'02 - F'01	L_PFrd	ctx_lh_G_front_sup	not in a hippocamp subfield	GreyMatter	resection not calculated	[-1.913, 56.807, 7.919]
F'03 - F'02	L_PFrd	ctx_lh_G_front_sup	not in a hippocamp subfield	GreyMatter	resection not calculated	[-5.647, 56.559, 7.738]
F'04 - F'03	L_PFrd	ctx_lh_G_and_S_cingul-Ant	not in a hippocamp subfield	WhiteMatter	resection not calculated	[-9.358, 56.237, 7.53]
F'05 - F'04	L_PFrd	ctx_lh_G_and_S_cingul-Ant	not in a hippocamp subfield	WhiteMatter	resection not calculated	[-13.045, 55.81, 7.264]
F'06 - F'05	L_PFrd	not in a freesurfer parcel	not in a hippocamp subfield	WhiteMatter	resection not calculated	[-16.73, 55.246, 7.055]
F'07 - F'06	L_Pfrdls	ctx_lh_S_front_middle	not in a hippocamp subfield	GreyMatter	resection not calculated	[-20.401, 54.723, 6.984]
F'08 - F'07	L_Pfrdls	ctx_lh_S_front_middle	not in a hippocamp subfield	GreyMatter	resection not calculated	[-24.196, 54.122, 7.019]
F'09 - F'08	L_Pfrdli	ctx_lh_G_front_middle	not in a hippocamp subfield	GreyMatter	resection not calculated	[-28.045, 53.504, 7.037]
F'10 - F'09	L_Pfrdli	ctx_lh_S_orbital_lateral	not in a hippocamp subfield	GreyMatter	resection not calculated	[-31.94, 52.87, 6.943]
F'11 - F'10	L_Pfrdli	ctx_lh_S_orbital_lateral	not in a hippocamp subfield	GreyMatter	resection not calculated	[-35.862, 52.236, 6.822]
F'12 - F'11	L_Pfrdli	ctx_lh_G_front_middle	not in a hippocamp subfield	GreyMatter	resection not calculated	[-39.858, 51.627, 6.712]
G'02 - G'01	L_Mdm	ctx_lh_G_and_S_cingul-Mid-Post	not in a hippocamp subfield	GreyMatter	resection not calculated	[-8.571, -11.868, 47.543]
G'03 - G'02	L_Mdm	ctx_lh_G_and_S_cingul-Mid-Post	not in a hippocamp subfield	WhiteMatter	resection not calculated	[-12.328, -11.765, 48.218]
G'04 - G'03	L_Mdm	not in a freesurfer parcel	not in a hippocamp subfield	WhiteMatter	resection not calculated	[-16.084, -11.673, 48.786]
G'05 - G'04	L_Mdl	ctx_lh_S_precentral-sup-part	not in a hippocamp subfield	WhiteMatter	resection not calculated	[-19.826, -11.629, 49.141]
G'06 - G'05	L_Mdl	ctx_lh_S_precentral-sup-part	not in a hippocamp subfield	WhiteMatter	resection not calculated	[-23.601, -11.618, 49.471]
G'07 - G'06	L_Mdl	ctx_lh_S_precentral-sup-part	not in a hippocamp subfield	WhiteMatter	resection not calculated	[-27.426, -11.533, 49.979]
G'08 - G'07	L_Mdl	ctx_lh_S_precentral-sup-part	not in a hippocamp subfield	WhiteMatter	resection not calculated	[-31.219, -11.299, 50.63]
G'09 - G'08	not in a mars atlas parcel	not in a freesurfer parcel	not in a hippocamp subfield	WhiteMatter	resection not calculated	[-34.988, -10.97, 51.272]
G'10 - G'09	L_Mdl	ctx_lh_S_central	not in a hippocamp subfield	WhiteMatter	resection not calculated	[-38.751, -10.628, 51.867]
G'11 - G'10	L_Mdl	ctx_lh_G_precentral	not in a hippocamp subfield	GreyMatter	resection not calculated	[-42.535, -10.263, 52.493]
G'12 - G'11	L_Mdl	ctx_lh_G_precentral	not in a hippocamp subfield	GreyMatter	resection not calculated	[-46.331, -9.906, 53.201]
K'02 - K'01	L_PMdm	ctx_lh_G_and_S_cingul-Mid-Ant	not in a hippocamp subfield	GreyMatter	resection not calculated	[-7.006, 11.61, 38.82]
K'03 - K'02	L_PMdm	ctx_lh_G_and_S_cingul-Mid-Ant	not in a hippocamp subfield	WhiteMatter	resection not calculated	[-10.619, 11.913, 38.908]
K'04 - K'03	not in a mars atlas parcel	ctx_lh_G_and_S_cingul-Mid-Ant	not in a hippocamp subfield	WhiteMatter	resection not calculated	[-14.307, 12.212, 39.037]
K'05 - K'04	L_PMdm	not in a freesurfer parcel	not in a hippocamp subfield	WhiteMatter	resection not calculated	[-18.039, 12.523, 39.345]
K'06 - K'05	L_PMdm	ctx_lh_S_front_sup	not in a hippocamp subfield	WhiteMatter	resection not calculated	[-21.78, 12.835, 39.868]
K'07 - K'06	L_PMdl	ctx_lh_S_front_sup	not in a hippocamp subfield	GreyMatter	resection not calculated	[-25.52, 13.12, 40.174]
K'08 - K'07	L_PMdl	not in a freesurfer parcel	not in a hippocamp subfield	WhiteMatter	resection not calculated	[-29.278, 13.35, 39.969]
K'09 - K'08	L_PFcdl	not in a freesurfer parcel	not in a hippocamp subfield	WhiteMatter	resection not calculated	[-33.081, 13.599, 39.545]
K'10 - K'09	L_PFcdl	ctx_lh_S_precentral-inf-part	not in a hippocamp subfield	WhiteMatter	resection not calculated	[-36.957, 13.903, 39.203]
K'11 - K'10	L_PMdl	ctx_lh_G_front_middle	not in a hippocamp subfield	WhiteMatter	resection not calculated	[-40.868, 14.244, 38.915]
K'12 - K'11	L_PMdl	not in a freesurfer parcel	not in a hippocamp subfield	WhiteMatter	resection not calculated	[-44.75, 14.613, 38.702]
K'13 - K'12	L_PMdl	ctx_lh_S_front_inf	not in a hippocamp subfield	GreyMatter	resection not calculated	[-48.655, 15.005, 38.694]
K'14 - K'13	L_PMdl	ctx_lh_G_front_middle	not in a hippocamp subfield	GreyMatter	resection not calculated	[-52.545, 15.417, 38.78]
K'15 - K'14	not in a mars atlas parcel	not in a freesurfer parcel	not in a hippocamp subfield	not in brain matter	resection not calculated	[-56.383, 15.824, 38.8]
M'02 - M'01	L_Mdm	not in a freesurfer parcel	not in a hippocamp subfield	GreyMatter	resection not calculated	[-10.849, -18.013, 58.249]
M'03 - M'02	L_Mdm	not in a freesurfer parcel	not in a hippocamp subfield	WhiteMatter	resection not calculated	[-14.02, -17.624, 60.563]
M'04 - M'03	L_Mdm	WM-hypointensities	not in a hippocamp subfield	GreyMatter	resection not calculated	[-17.166, -17.087, 63.215]
M'05 - M'04	L_Mdl	not in a freesurfer parcel	not in a hippocamp subfield	GreyMatter	resection not calculated	[-20.226, -16.483, 66.066]
M'06 - M'05	L_Mdl	ctx_lh_G_precentral	not in a hippocamp subfield	GreyMatter	resection not calculated	[-23.225, -15.921, 68.896]
M'07 - M'06	L_Mdl	ctx_lh_G_precentral	not in a hippocamp subfield	GreyMatter	resection not calculated	[-26.221, -15.338, 71.67]
M'08 - M'07	not in a mars atlas parcel	ctx_lh_G_precentral	not in a hippocamp subfield	not in brain matter	resection not calculated	[-29.244, -14.748, 73.95]
M'09 - M'08	not in a mars atlas parcel	not in a freesurfer parcel	not in a hippocamp subfield	not in brain matter	resection not calculated	[-32.319, -14.23, 75.698]
M'10 - M'09	not in a mars atlas parcel	not in a freesurfer parcel	not in a hippocamp subfield	not in brain matter	resection not calculated	[-35.397, -13.757, 77.362]
O'02 - O'01	L_PFCvm	ctx_lh_G_rectus	not in a hippocamp subfield	GreyMatter	resection not calculated	[-4.764, 40.781, -18.518]
O'03 - O'02	L_PFCvm	ctx_lh_S_orbital_med-olfact	not in a hippocamp subfield	GreyMatter	resection not calculated	[-8.558, 40.777, -18.2]
O'04 - O'03	L_PFCvm	ctx_lh_S_orbital_med-olfact	not in a hippocamp subfield	WhiteMatter	resection not calculated	[-12.309, 40.758, -17.786]
O'05 - O'04	L_OFCv	ctx_lh_S_orbital-H_Shaped	not in a hippocamp subfield	GreyMatter	resection not calculated	[-16.004, 40.707, -17.243]
O'06 - O'05	L_OFCv	ctx_lh_S_orbital-H_Shaped	not in a hippocamp subfield	GreyMatter	resection not calculated	[-19.746, 40.639, -16.39]
O'07 - O'06	L_OFCvl	ctx_lh_S_orbital-H_Shaped	not in a hippocamp subfield	GreyMatter	resection not calculated	[-23.526, 40.566, -15.262]
O'08 - O'07	L_OFCvl	ctx_lh_S_orbital-H_Shaped	not in a hippocamp subfield	GreyMatter	resection not calculated	[-27.327, 40.494, -14.041]
O'09 - O'08	L_OFCvl	ctx_lh_S_orbital-H_Shaped	not in a hippocamp subfield	GreyMatter	resection not calculated	[-31.179, 40.368, -12.754]
O'10 - O'09	L_OFCvl	ctx_lh_S_orbital-H_Shaped	not in a hippocamp subfield	GreyMatter	resection not calculated	[-35.04, 40.151, -11.891]
O'11 - O'10	L_OFCvl	ctx_lh_S_orbital-H_Shaped	not in a hippocamp subfield	GreyMatter	resection not calculated	[-38.906, 39.891, -11.674]
O'12 - O'11	L_OFCvl	ctx_lh_S_orbital_lateral	not in a hippocamp subfield	GreyMatter	resection not calculated	[-42.781, 39.597, -11.642]
P'02 - P'01	L_PMrv	ctx_lh_S_circular_insula_sup	not in a hippocamp subfield	WhiteMatter	resection not calculated	[-30.182, 10.942, 15.623]
P'03 - P'02	L_PMrv	ctx_lh_S_circular_insula_sup	not in a hippocamp subfield	WhiteMatter	resection not calculated	[-33.95, 10.457, 16.007]
P'04 - P'03	L_PMrv	not in a freesurfer parcel	not in a hippocamp subfield	WhiteMatter	resection not calculated	[-37.72, 9.942, 16.253]
P'05 - P'04	L_PMrv	ctx_lh_S_precentral-inf-part	not in a hippocamp subfield	WhiteMatter	resection not calculated	[-41.537, 9.454, 16.423]
P'06 - P'05	L_PMrv	ctx_lh_S_precentral-inf-part	not in a hippocamp subfield	GreyMatter	resection not calculated	[-45.364, 9.004, 16.579]
P'07 - P'06	L_PMrv	ctx_lh_S_precentral-inf-part	not in a hippocamp subfield	GreyMatter	resection not calculated	[-49.212, 8.694, 17.012]
P'08 - P'07	L_PMrv	ctx_lh_S_precentral-inf-part	not in a hippocamp subfield	GreyMatter	resection not calculated	[-53.112, 8.481, 17.653]
Q'02 - Q'01	L_Sdm	not in a freesurfer parcel	not in a hippocamp subfield	WhiteMatter	resection not calculated	[-5.972, -30.334, 62.69]
Q'03 - Q'02	L_Sdl	ctx_lh_S_central	not in a hippocamp subfield	WhiteMatter	resection not calculated	[-9.731, -29.917, 62.778]
Q'04 - Q'03	L_Sdl	ctx_lh_S_central	not in a hippocamp subfield	GreyMatter	resection not calculated	[-13.537, -29.457, 63.081]
Q'05 - Q'04	L_Sdl	ctx_lh_S_central	not in a hippocamp subfield	GreyMatter	resection not calculated	[-17.335, -28.924, 63.601]
Q'06 - Q'05	L_Sdl	ctx_lh_G_postcentral	not in a hippocamp subfield	GreyMatter	resection not calculated	[-21.072, -28.299, 64.087]
Q'07 - Q'06	L_Sdl	ctx_lh_G_postcentral	not in a hippocamp subfield	GreyMatter	resection not calculated	[-24.787, -27.675, 64.391]
Q'08 - Q'07	L_Sdl	ctx_lh_G_precentral	not in a hippocamp subfield	GreyMatter	resection not calculated	[-28.498, -27.077, 64.581]
Q'09 - Q'08	L_Sdl	ctx_lh_G_precentral	not in a hippocamp subfield	GreyMatter	resection not calculated	[-32.209, -26.501, 64.684]
Q'10 - Q'09	L_Sdl	ctx_lh_G_postcentral	not in a hippocamp subfield	GreyMatter	resection not calculated	[-35.951, -25.929, 64.53]
Q'11 - Q'10	L_Sdl	ctx_lh_G_postcentral	not in a hippocamp subfield	GreyMatter	resection not calculated	[-39.661, -25.389, 64.333]
Q'12 - Q'11	L_Sdl	ctx_lh_G_postcentral	not in a hippocamp subfield	GreyMatter	resection not calculated	[-43.38, -24.821, 64.621]
S'02 - S'01	L_PMdm	ctx_lh_G_front_sup	not in a hippocamp subfield	GreyMatter	resection not calculated	[-6.07, 7.791, 57.801]
S'03 - S'02	L_PMdm	ctx_lh_G_front_sup	not in a hippocamp subfield	GreyMatter	resection not calculated	[-9.628, 7.89, 58.134]
S'04 - S'03	L_PMdm	ctx_lh_G_front_sup	not in a hippocamp subfield	WhiteMatter	resection not calculated	[-13.189, 8.013, 58.763]
S'05 - S'04	L_PMdm	ctx_lh_S_front_sup	not in a hippocamp subfield	WhiteMatter	resection not calculated	[-16.778, 8.208, 59.771]
S'06 - S'05	L_PMdm	ctx_lh_S_front_sup	not in a hippocamp subfield	GreyMatter	resection not calculated	[-20.364, 8.422, 60.832]
S'07 - S'06	L_PMdm	ctx_lh_G_front_sup	not in a hippocamp subfield	GreyMatter	resection not calculated	[-23.977, 8.638, 61.864]
S'08 - S'07	L_PMdl	ctx_lh_G_front_middle	not in a hippocamp subfield	GreyMatter	resection not calculated	[-27.672, 8.916, 62.82]
S'09 - S'08	L_PMdl	ctx_lh_G_front_middle	not in a hippocamp subfield	GreyMatter	resection not calculated	[-31.393, 9.205, 63.547]
S'10 - S'09	L_PMdl	ctx_lh_G_front_middle	not in a hippocamp subfield	GreyMatter	resection not calculated	[-35.083, 9.518, 64.194]
S'11 - S'10	not in a mars atlas parcel	not in a freesurfer parcel	not in a hippocamp subfield	not in brain matter	resection not calculated	[-38.787, 9.823, 64.978]
S'12 - S'11	not in a mars atlas parcel	not in a freesurfer parcel	not in a hippocamp subfield	not in brain matter	resection not calculated	[-42.542, 10.095, 65.754]
U'02 - U'01	L_Sdm	not in a freesurfer parcel	not in a hippocamp subfield	WhiteMatter	resection not calculated	[-6.954, -12.173, 34.522]
U'03 - U'02	L_Mdm	ctx_lh_G_and_S_cingul-Mid-Post	not in a hippocamp subfield	WhiteMatter	resection not calculated	[-10.701, -12.014, 34.94]
U'04 - U'03	L_Mdm	not in a freesurfer parcel	not in a hippocamp subfield	WhiteMatter	resection not calculated	[-14.508, -11.85, 35.156]
U'05 - U'04	not in a mars atlas parcel	not in a freesurfer parcel	not in a hippocamp subfield	WhiteMatter	resection not calculated	[-18.379, -11.709, 35.361]
U'06 - U'05	not in a mars atlas parcel	not in a freesurfer parcel	not in a hippocamp subfield	WhiteMatter	resection not calculated	[-22.297, -11.581, 35.601]
U'07 - U'06	not in a mars atlas parcel	not in a freesurfer parcel	not in a hippocamp subfield	WhiteMatter	resection not calculated	[-26.231, -11.44, 35.901]
U'08 - U'07	L_Mdl	not in a freesurfer parcel	not in a hippocamp subfield	WhiteMatter	resection not calculated	[-30.147, -11.26, 36.262]
U'09 - U'08	L_Mdl	not in a freesurfer parcel	not in a hippocamp subfield	WhiteMatter	resection not calculated	[-33.997, -10.98, 36.567]
U'10 - U'09	L_Mdl	not in a freesurfer parcel	not in a hippocamp subfield	WhiteMatter	resection not calculated	[-37.785, -10.672, 36.748]
U'11 - U'10	L_Mdl	not in a freesurfer parcel	not in a hippocamp subfield	WhiteMatter	resection not calculated	[-41.555, -10.293, 36.813]
U'12 - U'11	L_Mdl	ctx_lh_S_central	not in a hippocamp subfield	WhiteMatter	resection not calculated	[-45.238, -9.846, 36.77]
U'13 - U'12	L_Mdl	ctx_lh_S_central	not in a hippocamp subfield	WhiteMatter	resection not calculated	[-48.987, -9.56, 36.572]
U'14 - U'13	L_Mdl	ctx_lh_S_central	not in a hippocamp subfield	GreyMatter	resection not calculated	[-52.782, -9.334, 36.234]
U'15 - U'14	L_Sv	ctx_lh_G_postcentral	not in a hippocamp subfield	GreyMatter	resection not calculated	[-56.548, -9.137, 35.892]
X'02 - X'01	L_PFcdl	not in a freesurfer parcel	not in a hippocamp subfield	WhiteMatter	resection not calculated	[-28.335, 23.752, 24.676]
X'03 - X'02	L_PFcdl	not in a freesurfer parcel	not in a hippocamp subfield	WhiteMatter	resection not calculated	[-32.239, 23.644, 24.856]
X'04 - X'03	L_PFcdl	ctx_lh_S_front_inf	not in a hippocamp subfield	GreyMatter	resection not calculated	[-36.179, 23.486, 24.65]
X'05 - X'04	L_PFcdl	ctx_lh_S_front_inf	not in a hippocamp subfield	GreyMatter	resection not calculated	[-40.124, 23.376, 24.429]
X'06 - X'05	L_PFcdl	ctx_lh_S_front_inf	not in a hippocamp subfield	GreyMatter	resection not calculated	[-44.098, 23.337, 24.261]
X'07 - X'06	L_PMrv	ctx_lh_S_front_inf	not in a hippocamp subfield	GreyMatter	resection not calculated	[-48.016, 23.402, 24.216]
X'08 - X'07	L_PMrv	ctx_lh_G_front_inf-Opercular	not in a hippocamp subfield	GreyMatter	resection not calculated	[-51.905, 23.579, 24.528]
Y'02 - Y'01	L_PFrd	ctx_lh_G_front_sup	not in a hippocamp subfield	GreyMatter	resection not calculated	[-1.409, 53.411, 22.897]
Y'03 - Y'02	L_PFrd	ctx_lh_G_front_sup	not in a hippocamp subfield	GreyMatter	resection not calculated	[-5.015, 53.683, 22.52]
Y'04 - Y'03	L_PFrd	ctx_lh_G_front_sup	not in a hippocamp subfield	GreyMatter	resection not calculated	[-8.619, 53.836, 21.987]
Y'05 - Y'04	L_PFrd	not in a freesurfer parcel	not in a hippocamp subfield	WhiteMatter	resection not calculated	[-12.276, 53.877, 21.328]
Y'06 - Y'05	L_Pfrdls	ctx_lh_G_front_sup	not in a hippocamp subfield	WhiteMatter	resection not calculated	[-16.024, 53.93, 20.77]
Y'07 - Y'06	L_Pfrdls	ctx_lh_S_front_middle	not in a hippocamp subfield	GreyMatter	resection not calculated	[-19.837, 54.016, 20.507]
Y'08 - Y'07	L_Pfrdls	ctx_lh_S_front_middle	not in a hippocamp subfield	GreyMatter	resection not calculated	[-23.704, 54.095, 20.375]
Y'09 - Y'08	L_Pfrdls	ctx_lh_G_front_middle	not in a hippocamp subfield	GreyMatter	resection not calculated	[-27.512, 54.153, 20.109]
Y'10 - Y'09	L_Pfrdls	ctx_lh_G_front_middle	not in a hippocamp subfield	GreyMatter	resection not calculated	[-31.311, 54.103, 19.605]
Y'11 - Y'10	L_Pfrdli	ctx_lh_G_front_middle	not in a hippocamp subfield	GreyMatter	resection not calculated	[-35.144, 54.023, 19.074]
Y'12 - Y'11	L_Pfrdli	ctx_lh_G_front_middle	not in a hippocamp subfield	GreyMatter	resection not calculated	[-38.997, 54.073, 18.778]
Z'02 - Z'01	L_PFcdm	ctx_lh_G_front_sup	not in a hippocamp subfield	GreyMatter	resection not calculated	[-4.701, 33.294, 48.963]
Z'03 - Z'02	L_PFcdm	not in a freesurfer parcel	not in a hippocamp subfield	WhiteMatter	resection not calculated	[-8.274, 33.593, 48.604]
Z'04 - Z'03	L_PFcdm	not in a freesurfer parcel	not in a hippocamp subfield	GreyMatter	resection not calculated	[-11.796, 33.821, 48.158]
Z'05 - Z'04	L_PFcdm	ctx_lh_S_front_sup	not in a hippocamp subfield	GreyMatter	resection not calculated	[-15.326, 33.968, 47.684]
Z'06 - Z'05	L_PFcdm	ctx_lh_S_front_sup	not in a hippocamp subfield	GreyMatter	resection not calculated	[-18.956, 34.185, 47.441]
Z'07 - Z'06	L_PFcdm	ctx_lh_G_front_sup	not in a hippocamp subfield	GreyMatter	resection not calculated	[-22.651, 34.475, 47.385]
Z'08 - Z'07	L_PFcdl	ctx_lh_S_front_sup	not in a hippocamp subfield	GreyMatter	resection not calculated	[-26.436, 34.666, 47.249]
Z'09 - Z'08	L_PFcdl	ctx_lh_G_front_middle	not in a hippocamp subfield	GreyMatter	resection not calculated	[-30.254, 34.808, 47.043]
Z'10 - Z'09	L_PFcdl	ctx_lh_G_front_middle	not in a hippocamp subfield	GreyMatter	resection not calculated	[-34.112, 35.023, 46.882]
Z'11 - Z'10	L_PFcdl	ctx_lh_G_front_middle	not in a hippocamp subfield	GreyMatter	resection not calculated	[-37.937, 35.19, 46.573]
Z'12 - Z'11	not in a mars atlas parcel	not in a freesurfer parcel	not in a hippocamp subfield	not in brain matter	resection not calculated	[-41.709, 35.32, 46.2]


