Contacts Positions
Use of MNI Template	MarsAtlas	True	Freesurfer	True	HippoSubfieldFreesurfer	True
contact	MarsAtlas	Freesurfer	Hippocampal Subfield	GreyWhite	Resection	MNI
E'01	L_PCm	ctx_lh_S_subparietal	not in a hippocamp subfield	Not Calculated	resection not calculated	[-5.191, -54.477, 32.031]
E'02	L_PCm	ctx_lh_S_subparietal	not in a hippocamp subfield	Not Calculated	resection not calculated	[-8.806, -54.436, 31.642]
E'03	L_PCm	ctx_lh_S_subparietal	not in a hippocamp subfield	Not Calculated	resection not calculated	[-12.399, -54.31, 31.125]
E'04	L_PCC	ctx_lh_S_subparietal	not in a hippocamp subfield	Not Calculated	resection not calculated	[-15.973, -54.195, 30.351]
E'05	not in a mars atlas parcel	not in a freesurfer parcel	not in a hippocamp subfield	Not Calculated	resection not calculated	[-19.494, -53.933, 29.762]
E'06	not in a mars atlas parcel	not in a freesurfer parcel	not in a hippocamp subfield	Not Calculated	resection not calculated	[-23.142, -53.681, 29.492]
E'07	not in a mars atlas parcel	not in a freesurfer parcel	not in a hippocamp subfield	Not Calculated	resection not calculated	[-26.9, -53.392, 29.399]
E'08	not in a mars atlas parcel	not in a freesurfer parcel	not in a hippocamp subfield	Not Calculated	resection not calculated	[-30.672, -53.017, 29.344]
E'09	not in a mars atlas parcel	not in a freesurfer parcel	not in a hippocamp subfield	Not Calculated	resection not calculated	[-34.417, -52.756, 28.943]
E'10	L_MTCc	ctx_lh_S_temporal_sup	not in a hippocamp subfield	Not Calculated	resection not calculated	[-38.334, -52.526, 28.425]
E'11	L_MTCc	ctx_lh_S_temporal_sup	not in a hippocamp subfield	Not Calculated	resection not calculated	[-42.177, -52.32, 27.639]
E'12	L_MTCc	ctx_lh_S_temporal_sup	not in a hippocamp subfield	Not Calculated	resection not calculated	[-46.035, -52.131, 26.752]
E'13	not in a mars atlas parcel	not in a freesurfer parcel	not in a hippocamp subfield	Not Calculated	resection not calculated	[-49.885, -51.883, 26.109]
E'14	not in a mars atlas parcel	not in a freesurfer parcel	not in a hippocamp subfield	Not Calculated	resection not calculated	[-53.764, -51.624, 25.604]
E'15	L_IPCv	not in a freesurfer parcel	not in a hippocamp subfield	Not Calculated	resection not calculated	[-57.611, -51.472, 25.378]
F'01	L_PMdm	ctx_lh_G_front_sup	not in a hippocamp subfield	Not Calculated	resection not calculated	[-6.759, 1.356, 54.306]
F'02	L_PMdm	ctx_lh_G_front_sup	not in a hippocamp subfield	Not Calculated	resection not calculated	[-10.533, 1.649, 53.603]
F'03	not in a mars atlas parcel	not in a freesurfer parcel	not in a hippocamp subfield	Not Calculated	resection not calculated	[-14.231, 1.954, 52.455]
F'04	L_PMdm	ctx_lh_S_front_sup	not in a hippocamp subfield	Not Calculated	resection not calculated	[-17.926, 2.297, 51.672]
F'05	L_PMdm	ctx_lh_S_front_sup	not in a hippocamp subfield	Not Calculated	resection not calculated	[-21.557, 2.629, 50.574]
F'06	L_PMdl	ctx_lh_S_front_sup	not in a hippocamp subfield	Not Calculated	resection not calculated	[-25.194, 2.892, 49.075]
F'07	L_PMdl	ctx_lh_S_front_sup	not in a hippocamp subfield	Not Calculated	resection not calculated	[-28.856, 3.133, 48.739]
F'08	L_PMdl	ctx_lh_S_precentral-sup-part	not in a hippocamp subfield	Not Calculated	resection not calculated	[-32.475, 3.497, 48.768]
F'09	L_PMdl	WM-hypointensities	not in a hippocamp subfield	Not Calculated	resection not calculated	[-36.118, 3.834, 48.311]
F'10	L_PMdl	WM-hypointensities	not in a hippocamp subfield	Not Calculated	resection not calculated	[-39.738, 4.277, 48.129]
F'11	not in a mars atlas parcel	WM-hypointensities	not in a hippocamp subfield	Not Calculated	resection not calculated	[-43.375, 4.661, 47.745]
F'12	L_PMdl	ctx_lh_G_precentral	not in a hippocamp subfield	Not Calculated	resection not calculated	[-47.029, 5.137, 47.282]
G'01	L_PCC	ctx_lh_G_precuneus	not in a hippocamp subfield	Not Calculated	resection not calculated	[-4.658, -59.454, 15.972]
G'02	L_PCC	ctx_lh_S_parieto_occipital	not in a hippocamp subfield	Not Calculated	resection not calculated	[-8.364, -59.799, 15.277]
G'03	L_Cu	ctx_lh_S_parieto_occipital	not in a hippocamp subfield	Not Calculated	resection not calculated	[-12.029, -60.068, 14.448]
G'04	L_Cu	ctx_lh_S_parieto_occipital	not in a hippocamp subfield	Not Calculated	resection not calculated	[-15.879, -60.342, 13.954]
G'05	L_Cu	ctx_lh_S_parieto_occipital	not in a hippocamp subfield	Not Calculated	resection not calculated	[-19.68, -60.51, 14.012]
G'06	not in a mars atlas parcel	not in a freesurfer parcel	not in a hippocamp subfield	Not Calculated	resection not calculated	[-23.591, -60.591, 14.193]
G'07	not in a mars atlas parcel	not in a freesurfer parcel	not in a hippocamp subfield	Not Calculated	resection not calculated	[-27.52, -60.569, 14.587]
G'08	not in a mars atlas parcel	not in a freesurfer parcel	not in a hippocamp subfield	Not Calculated	resection not calculated	[-31.506, -60.625, 14.419]
G'09	L_VCl	ctx_lh_S_occipital_ant	not in a hippocamp subfield	Not Calculated	resection not calculated	[-35.486, -60.646, 13.779]
G'10	L_VCl	ctx_lh_S_occipital_ant	not in a hippocamp subfield	Not Calculated	resection not calculated	[-39.27, -60.623, 12.894]
G'11	L_VCl	ctx_lh_S_occipital_ant	not in a hippocamp subfield	Not Calculated	resection not calculated	[-43.027, -60.623, 11.706]
G'12	L_VCl	ctx_lh_S_occipital_ant	not in a hippocamp subfield	Not Calculated	resection not calculated	[-46.853, -60.643, 10.561]
G'13	L_MTCc	ctx_lh_S_occipital_ant	not in a hippocamp subfield	Not Calculated	resection not calculated	[-50.649, -60.644, 9.864]
G'14	L_MTCc	ctx_lh_S_temporal_sup	not in a hippocamp subfield	Not Calculated	resection not calculated	[-54.426, -60.648, 9.196]
G'15	L_MTCc	ctx_lh_G_temporal_middle	not in a hippocamp subfield	Not Calculated	resection not calculated	[-58.344, -60.644, 8.44]
G'16	L_MTCc	ctx_lh_G_temporal_middle	not in a hippocamp subfield	Not Calculated	resection not calculated	[-62.117, -60.596, 8.342]
G'17	L_MTCc	ctx_lh_G_temporal_middle	not in a hippocamp subfield	Not Calculated	resection not calculated	[-65.962, -60.632, 8.005]
G'18	not in a mars atlas parcel	not in a freesurfer parcel	not in a hippocamp subfield	Not Calculated	resection not calculated	[-69.783, -60.715, 7.777]
H'01	not in a mars atlas parcel	not in a freesurfer parcel	not in a hippocamp subfield	Not Calculated	resection not calculated	[-28.535, -31.206, 5.449]
H'02	not in a mars atlas parcel	not in a freesurfer parcel	not in a hippocamp subfield	Not Calculated	resection not calculated	[-32.486, -31.379, 4.587]
H'03	not in a mars atlas parcel	not in a freesurfer parcel	not in a hippocamp subfield	Not Calculated	resection not calculated	[-36.462, -31.586, 3.217]
H'04	not in a mars atlas parcel	not in a freesurfer parcel	not in a hippocamp subfield	Not Calculated	resection not calculated	[-40.516, -31.847, 1.732]
H'05	L_STCc	ctx_lh_S_temporal_sup	not in a hippocamp subfield	Not Calculated	resection not calculated	[-44.563, -32.009, 0.544]
H'06	L_STCc	ctx_lh_S_temporal_sup	not in a hippocamp subfield	Not Calculated	resection not calculated	[-48.374, -32.157, -0.214]
H'07	L_STCc	ctx_lh_S_temporal_sup	not in a hippocamp subfield	Not Calculated	resection not calculated	[-52.154, -32.262, -0.812]
H'08	L_MTCc	ctx_lh_S_temporal_sup	not in a hippocamp subfield	Not Calculated	resection not calculated	[-55.92, -32.335, -1.242]
H'09	L_MTCc	ctx_lh_S_temporal_sup	not in a hippocamp subfield	Not Calculated	resection not calculated	[-59.543, -32.485, -2.007]
H'10	L_MTCc	ctx_lh_S_temporal_sup	not in a hippocamp subfield	Not Calculated	resection not calculated	[-63.242, -32.67, -3.222]
H'11	L_MTCc	ctx_lh_G_temporal_middle	not in a hippocamp subfield	Not Calculated	resection not calculated	[-66.951, -32.815, -4.137]
H'12	L_MTCc	ctx_lh_G_temporal_middle	not in a hippocamp subfield	Not Calculated	resection not calculated	[-70.685, -32.956, -4.946]
K'01	L_MCC	ctx_lh_G_and_S_cingul-Mid-Post	not in a hippocamp subfield	Not Calculated	resection not calculated	[-2.902, 3.453, 35.831]
K'02	L_MCC	ctx_lh_G_and_S_cingul-Mid-Post	not in a hippocamp subfield	Not Calculated	resection not calculated	[-6.574, 3.224, 34.763]
K'03	L_MCC	ctx_lh_G_and_S_cingul-Mid-Post	not in a hippocamp subfield	Not Calculated	resection not calculated	[-10.204, 3.043, 33.772]
K'04	not in a mars atlas parcel	not in a freesurfer parcel	not in a hippocamp subfield	Not Calculated	resection not calculated	[-13.959, 2.908, 33.015]
K'05	not in a mars atlas parcel	not in a freesurfer parcel	not in a hippocamp subfield	Not Calculated	resection not calculated	[-17.665, 2.738, 32.395]
K'06	not in a mars atlas parcel	not in a freesurfer parcel	not in a hippocamp subfield	Not Calculated	resection not calculated	[-21.386, 2.601, 31.331]
K'07	not in a mars atlas parcel	not in a freesurfer parcel	not in a hippocamp subfield	Not Calculated	resection not calculated	[-25.157, 2.557, 30.753]
K'08	not in a mars atlas parcel	ctx_lh_S_precentral-inf-part	not in a hippocamp subfield	Not Calculated	resection not calculated	[-28.874, 2.545, 29.912]
K'09	L_PMdl	ctx_lh_S_precentral-inf-part	not in a hippocamp subfield	Not Calculated	resection not calculated	[-32.568, 2.593, 29.483]
K'10	L_PMdl	ctx_lh_S_precentral-inf-part	not in a hippocamp subfield	Not Calculated	resection not calculated	[-36.297, 2.542, 28.895]
K'11	L_PMdl	ctx_lh_S_precentral-inf-part	not in a hippocamp subfield	Not Calculated	resection not calculated	[-40.012, 2.564, 28.286]
K'12	L_PMrv	ctx_lh_S_precentral-inf-part	not in a hippocamp subfield	Not Calculated	resection not calculated	[-43.655, 2.432, 27.769]
K'13	L_Mv	ctx_lh_S_precentral-inf-part	not in a hippocamp subfield	Not Calculated	resection not calculated	[-47.36, 2.283, 26.829]
K'14	L_Mv	ctx_lh_S_precentral-inf-part	not in a hippocamp subfield	Not Calculated	resection not calculated	[-50.999, 2.13, 26.342]
K'15	not in a mars atlas parcel	not in a freesurfer parcel	not in a hippocamp subfield	Not Calculated	resection not calculated	[-54.663, 2.049, 25.547]
P'01	L_PCm	ctx_lh_G_precuneus	not in a hippocamp subfield	Not Calculated	resection not calculated	[-2.213, -55.784, 48.269]
P'02	L_PCm	ctx_lh_S_subparietal	not in a hippocamp subfield	Not Calculated	resection not calculated	[-5.33, -56.308, 49.873]
P'03	L_PCm	ctx_lh_S_subparietal	not in a hippocamp subfield	Not Calculated	resection not calculated	[-8.404, -56.734, 51.645]
P'04	L_SPCm	ctx_lh_G_precuneus	not in a hippocamp subfield	Not Calculated	resection not calculated	[-11.608, -57.165, 53.383]
P'05	L_SPCm	ctx_lh_G_precuneus	not in a hippocamp subfield	Not Calculated	resection not calculated	[-14.923, -57.647, 54.738]
P'06	L_SPCm	ctx_lh_G_parietal_sup	not in a hippocamp subfield	Not Calculated	resection not calculated	[-18.21, -58.053, 56.592]
P'07	L_SPCm	ctx_lh_G_parietal_sup	not in a hippocamp subfield	Not Calculated	resection not calculated	[-21.51, -58.502, 58.352]
P'08	L_SPCm	ctx_lh_G_parietal_sup	not in a hippocamp subfield	Not Calculated	resection not calculated	[-24.67, -59.04, 59.976]
P'09	L_SPCm	not in a freesurfer parcel	not in a hippocamp subfield	Not Calculated	resection not calculated	[-27.952, -59.57, 61.881]
P'10	L_SPCm	ctx_lh_G_parietal_sup	not in a hippocamp subfield	Not Calculated	resection not calculated	[-31.184, -60.073, 63.365]
U'01	L_Mdm	ctx_lh_G_front_sup	not in a hippocamp subfield	Not Calculated	resection not calculated	[-2.51, -18.642, 56.185]
U'02	L_Mdm	ctx_lh_G_front_sup	not in a hippocamp subfield	Not Calculated	resection not calculated	[-6.344, -19.026, 56.53]
U'03	not in a mars atlas parcel	not in a freesurfer parcel	not in a hippocamp subfield	Not Calculated	resection not calculated	[-10.098, -19.342, 56.949]
U'04	not in a mars atlas parcel	not in a freesurfer parcel	not in a hippocamp subfield	Not Calculated	resection not calculated	[-13.797, -19.797, 57.27]
U'05	not in a mars atlas parcel	not in a freesurfer parcel	not in a hippocamp subfield	Not Calculated	resection not calculated	[-17.468, -20.325, 57.26]
U'06	not in a mars atlas parcel	not in a freesurfer parcel	not in a hippocamp subfield	Not Calculated	resection not calculated	[-21.201, -20.913, 56.936]
U'07	not in a mars atlas parcel	not in a freesurfer parcel	not in a hippocamp subfield	Not Calculated	resection not calculated	[-24.84, -21.395, 56.57]
U'08	L_Mdl	not in a freesurfer parcel	not in a hippocamp subfield	Not Calculated	resection not calculated	[-28.456, -21.876, 56.326]
U'09	not in a mars atlas parcel	not in a freesurfer parcel	not in a hippocamp subfield	Not Calculated	resection not calculated	[-32.101, -22.32, 56.003]
U'10	L_Mdl	not in a freesurfer parcel	not in a hippocamp subfield	Not Calculated	resection not calculated	[-35.789, -22.876, 55.676]
U'11	L_Mdl	ctx_lh_G_precentral	not in a hippocamp subfield	Not Calculated	resection not calculated	[-39.488, -23.33, 55.483]
U'12	L_Sdl	ctx_lh_S_central	not in a hippocamp subfield	Not Calculated	resection not calculated	[-43.176, -23.755, 55.42]
U'13	L_Sdl	not in a freesurfer parcel	not in a hippocamp subfield	Not Calculated	resection not calculated	[-46.835, -24.182, 55.497]
U'14	L_Sdl	ctx_lh_G_postcentral	not in a hippocamp subfield	Not Calculated	resection not calculated	[-50.615, -24.696, 55.848]
U'15	L_Sdl	ctx_lh_G_postcentral	not in a hippocamp subfield	Not Calculated	resection not calculated	[-54.361, -25.108, 56.663]
X'01	L_Sdm	ctx_lh_S_cingul-Marginalis	not in a hippocamp subfield	Not Calculated	resection not calculated	[-6.586, -43.396, 48.636]
X'02	L_Sdm	ctx_lh_S_cingul-Marginalis	not in a hippocamp subfield	Not Calculated	resection not calculated	[-10.177, -44.082, 48.412]
X'03	L_Sdm	ctx_lh_S_cingul-Marginalis	not in a hippocamp subfield	Not Calculated	resection not calculated	[-13.777, -44.726, 48.28]
X'04	L_Sdm	ctx_lh_S_cingul-Marginalis	not in a hippocamp subfield	Not Calculated	resection not calculated	[-17.457, -45.4, 47.875]
X'05	not in a mars atlas parcel	not in a freesurfer parcel	not in a hippocamp subfield	Not Calculated	resection not calculated	[-21.166, -46.057, 47.378]
X'06	L_SPCm	ctx_lh_S_intrapariet_and_P_trans	not in a hippocamp subfield	Not Calculated	resection not calculated	[-24.863, -46.675, 47.037]
X'07	L_SPCm	ctx_lh_S_intrapariet_and_P_trans	not in a hippocamp subfield	Not Calculated	resection not calculated	[-28.398, -47.288, 46.666]
X'08	L_SPCm	ctx_lh_S_intrapariet_and_P_trans	not in a hippocamp subfield	Not Calculated	resection not calculated	[-32.091, -47.88, 46.446]
X'09	L_SPCm	ctx_lh_G_parietal_sup	not in a hippocamp subfield	Not Calculated	resection not calculated	[-35.776, -48.585, 45.955]
X'10	L_SPC	ctx_lh_S_intrapariet_and_P_trans	not in a hippocamp subfield	Not Calculated	resection not calculated	[-39.567, -49.282, 45.566]
X'11	L_SPC	ctx_lh_S_intrapariet_and_P_trans	not in a hippocamp subfield	Not Calculated	resection not calculated	[-43.309, -50.004, 44.834]
X'12	L_IPCd	ctx_lh_S_interm_prim-Jensen	not in a hippocamp subfield	Not Calculated	resection not calculated	[-47.088, -50.687, 44.099]
X'13	L_VCs	ctx_lh_S_interm_prim-Jensen	not in a hippocamp subfield	Not Calculated	resection not calculated	[-50.895, -51.324, 43.537]
X'14	L_VCs	ctx_lh_G_pariet_inf-Angular	not in a hippocamp subfield	Not Calculated	resection not calculated	[-54.726, -51.951, 43.367]
X'15	L_VCs	ctx_lh_G_pariet_inf-Angular	not in a hippocamp subfield	Not Calculated	resection not calculated	[-58.532, -52.507, 43.554]
Y'01	L_PCC	ctx_lh_S_subparietal	not in a hippocamp subfield	Not Calculated	resection not calculated	[-6.428, -39.124, 33.797]
Y'02	L_PCC	ctx_lh_S_subparietal	not in a hippocamp subfield	Not Calculated	resection not calculated	[-10.068, -38.655, 33.582]
Y'03	L_PCC	ctx_lh_S_subparietal	not in a hippocamp subfield	Not Calculated	resection not calculated	[-13.649, -38.11, 33.875]
Y'04	not in a mars atlas parcel	not in a freesurfer parcel	not in a hippocamp subfield	Not Calculated	resection not calculated	[-17.112, -37.714, 33.852]
Y'05	not in a mars atlas parcel	not in a freesurfer parcel	not in a hippocamp subfield	Not Calculated	resection not calculated	[-20.742, -37.28, 33.143]
Y'06	not in a mars atlas parcel	not in a freesurfer parcel	not in a hippocamp subfield	Not Calculated	resection not calculated	[-24.454, -36.912, 32.274]
Y'07	not in a mars atlas parcel	not in a freesurfer parcel	not in a hippocamp subfield	Not Calculated	resection not calculated	[-28.202, -36.517, 31.507]
Y'08	not in a mars atlas parcel	not in a freesurfer parcel	not in a hippocamp subfield	Not Calculated	resection not calculated	[-32.012, -36.076, 30.976]
Y'09	not in a mars atlas parcel	not in a freesurfer parcel	not in a hippocamp subfield	Not Calculated	resection not calculated	[-35.806, -35.65, 30.528]
Y'10	not in a mars atlas parcel	not in a freesurfer parcel	not in a hippocamp subfield	Not Calculated	resection not calculated	[-39.617, -35.169, 29.966]
Y'11	not in a mars atlas parcel	not in a freesurfer parcel	not in a hippocamp subfield	Not Calculated	resection not calculated	[-43.492, -34.714, 29.419]
Y'12	not in a mars atlas parcel	not in a freesurfer parcel	not in a hippocamp subfield	Not Calculated	resection not calculated	[-47.413, -34.195, 28.81]
Y'13	not in a mars atlas parcel	WM-hypointensities	not in a hippocamp subfield	Not Calculated	resection not calculated	[-51.208, -33.748, 28.652]
Y'14	L_IPCv	ctx_lh_G_pariet_inf-Supramar	not in a hippocamp subfield	Not Calculated	resection not calculated	[-55.066, -33.198, 28.916]
Y'15	L_IPCv	ctx_lh_G_pariet_inf-Supramar	not in a hippocamp subfield	Not Calculated	resection not calculated	[-58.828, -32.673, 29.165]
Y'16	L_IPCv	ctx_lh_G_pariet_inf-Supramar	not in a hippocamp subfield	Not Calculated	resection not calculated	[-62.447, -32.196, 29.438]
Y'17	L_IPCv	ctx_lh_G_pariet_inf-Supramar	not in a hippocamp subfield	Not Calculated	resection not calculated	[-66.127, -31.619, 29.694]
Y'18	L_IPCv	ctx_lh_G_pariet_inf-Supramar	not in a hippocamp subfield	Not Calculated	resection not calculated	[-69.802, -31.061, 29.881]
Z'01	L_MCC	ctx_lh_G_and_S_cingul-Mid-Post	not in a hippocamp subfield	Not Calculated	resection not calculated	[-5.687, -20.047, 37.401]
Z'02	L_MCC	ctx_lh_G_and_S_cingul-Mid-Post	not in a hippocamp subfield	Not Calculated	resection not calculated	[-9.429, -19.946, 37.58]
Z'03	L_Mdm	ctx_lh_G_and_S_cingul-Mid-Post	not in a hippocamp subfield	Not Calculated	resection not calculated	[-13.181, -19.889, 37.25]
Z'04	L_Mdm	ctx_lh_G_and_S_cingul-Mid-Post	not in a hippocamp subfield	Not Calculated	resection not calculated	[-16.918, -19.825, 36.801]
Z'05	not in a mars atlas parcel	not in a freesurfer parcel	not in a hippocamp subfield	Not Calculated	resection not calculated	[-20.609, -19.747, 36.569]
Z'06	not in a mars atlas parcel	not in a freesurfer parcel	not in a hippocamp subfield	Not Calculated	resection not calculated	[-24.409, -19.689, 36.346]
Z'07	not in a mars atlas parcel	not in a freesurfer parcel	not in a hippocamp subfield	Not Calculated	resection not calculated	[-28.042, -19.65, 36.164]
Z'08	L_Mdl	not in a freesurfer parcel	not in a hippocamp subfield	Not Calculated	resection not calculated	[-31.864, -19.631, 35.73]
Z'09	L_Sdl	ctx_lh_S_central	not in a hippocamp subfield	Not Calculated	resection not calculated	[-35.699, -19.654, 35.271]
Z'10	L_Sdl	ctx_lh_S_central	not in a hippocamp subfield	Not Calculated	resection not calculated	[-39.553, -19.585, 35.211]
Z'11	L_Sdl	ctx_lh_S_central	not in a hippocamp subfield	Not Calculated	resection not calculated	[-43.4, -19.472, 35.563]
Z'12	L_Sdl	ctx_lh_S_postcentral	not in a hippocamp subfield	Not Calculated	resection not calculated	[-47.21, -19.415, 35.985]
Z'13	L_Sdl	ctx_lh_S_postcentral	not in a hippocamp subfield	Not Calculated	resection not calculated	[-51.017, -19.215, 36.392]
Z'14	L_Sdl	ctx_lh_S_postcentral	not in a hippocamp subfield	Not Calculated	resection not calculated	[-54.753, -19.014, 37.009]
Z'15	L_IPCv	ctx_lh_G_pariet_inf-Supramar	not in a hippocamp subfield	Not Calculated	resection not calculated	[-58.471, -18.833, 37.594]


E'02 - E'01	L_PCm	ctx_lh_S_subparietal	not in a hippocamp subfield	Not Calculated	resection not calculated	[-6.999, -54.457, 31.837]
E'03 - E'02	L_PCm	ctx_lh_S_subparietal	not in a hippocamp subfield	Not Calculated	resection not calculated	[-10.603, -54.373, 31.383]
E'04 - E'03	L_PCm	ctx_lh_S_subparietal	not in a hippocamp subfield	Not Calculated	resection not calculated	[-14.186, -54.252, 30.738]
E'05 - E'04	L_PCC	not in a freesurfer parcel	not in a hippocamp subfield	Not Calculated	resection not calculated	[-17.733, -54.064, 30.056]
E'06 - E'05	not in a mars atlas parcel	not in a freesurfer parcel	not in a hippocamp subfield	Not Calculated	resection not calculated	[-21.318, -53.807, 29.627]
E'07 - E'06	not in a mars atlas parcel	not in a freesurfer parcel	not in a hippocamp subfield	Not Calculated	resection not calculated	[-25.021, -53.536, 29.446]
E'08 - E'07	not in a mars atlas parcel	not in a freesurfer parcel	not in a hippocamp subfield	Not Calculated	resection not calculated	[-28.786, -53.204, 29.371]
E'09 - E'08	not in a mars atlas parcel	not in a freesurfer parcel	not in a hippocamp subfield	Not Calculated	resection not calculated	[-32.545, -52.887, 29.143]
E'10 - E'09	L_MTCc	not in a freesurfer parcel	not in a hippocamp subfield	Not Calculated	resection not calculated	[-36.375, -52.641, 28.684]
E'11 - E'10	L_MTCc	ctx_lh_S_temporal_sup	not in a hippocamp subfield	Not Calculated	resection not calculated	[-40.255, -52.423, 28.032]
E'12 - E'11	L_MTCc	ctx_lh_S_temporal_sup	not in a hippocamp subfield	Not Calculated	resection not calculated	[-44.106, -52.226, 27.196]
E'13 - E'12	L_MTCc	ctx_lh_S_temporal_sup	not in a hippocamp subfield	Not Calculated	resection not calculated	[-47.96, -52.007, 26.431]
E'14 - E'13	L_STCc	not in a freesurfer parcel	not in a hippocamp subfield	Not Calculated	resection not calculated	[-51.824, -51.754, 25.857]
E'15 - E'14	L_IPCv	not in a freesurfer parcel	not in a hippocamp subfield	Not Calculated	resection not calculated	[-55.687, -51.548, 25.491]
F'02 - F'01	L_PMdm	ctx_lh_G_front_sup	not in a hippocamp subfield	Not Calculated	resection not calculated	[-8.646, 1.502, 53.954]
F'03 - F'02	L_PMdm	ctx_lh_G_front_sup	not in a hippocamp subfield	Not Calculated	resection not calculated	[-12.382, 1.801, 53.029]
F'04 - F'03	L_PMdm	not in a freesurfer parcel	not in a hippocamp subfield	Not Calculated	resection not calculated	[-16.079, 2.126, 52.064]
F'05 - F'04	L_PMdm	ctx_lh_S_front_sup	not in a hippocamp subfield	Not Calculated	resection not calculated	[-19.742, 2.463, 51.123]
F'06 - F'05	L_PMdm	ctx_lh_S_front_sup	not in a hippocamp subfield	Not Calculated	resection not calculated	[-23.376, 2.76, 49.824]
F'07 - F'06	L_PMdl	ctx_lh_S_front_sup	not in a hippocamp subfield	Not Calculated	resection not calculated	[-27.025, 3.012, 48.907]
F'08 - F'07	L_PMdl	not in a freesurfer parcel	not in a hippocamp subfield	Not Calculated	resection not calculated	[-30.666, 3.315, 48.753]
F'09 - F'08	L_PMdl	ctx_lh_S_precentral-sup-part	not in a hippocamp subfield	Not Calculated	resection not calculated	[-34.296, 3.665, 48.54]
F'10 - F'09	L_PMdl	WM-hypointensities	not in a hippocamp subfield	Not Calculated	resection not calculated	[-37.928, 4.055, 48.22]
F'11 - F'10	L_PMdl	WM-hypointensities	not in a hippocamp subfield	Not Calculated	resection not calculated	[-41.556, 4.469, 47.937]
F'12 - F'11	L_PMdl	WM-hypointensities	not in a hippocamp subfield	Not Calculated	resection not calculated	[-45.202, 4.899, 47.514]
G'02 - G'01	L_PCC	ctx_lh_S_parieto_occipital	not in a hippocamp subfield	Not Calculated	resection not calculated	[-6.511, -59.627, 15.624]
G'03 - G'02	L_PCC	ctx_lh_S_parieto_occipital	not in a hippocamp subfield	Not Calculated	resection not calculated	[-10.197, -59.934, 14.863]
G'04 - G'03	L_Cu	ctx_lh_S_parieto_occipital	not in a hippocamp subfield	Not Calculated	resection not calculated	[-13.954, -60.205, 14.201]
G'05 - G'04	L_Cu	ctx_lh_S_parieto_occipital	not in a hippocamp subfield	Not Calculated	resection not calculated	[-17.78, -60.426, 13.983]
G'06 - G'05	L_Cu	ctx_lh_S_parieto_occipital	not in a hippocamp subfield	Not Calculated	resection not calculated	[-21.635, -60.55, 14.103]
G'07 - G'06	L_ICC	not in a freesurfer parcel	not in a hippocamp subfield	Not Calculated	resection not calculated	[-25.555, -60.58, 14.39]
G'08 - G'07	not in a mars atlas parcel	not in a freesurfer parcel	not in a hippocamp subfield	Not Calculated	resection not calculated	[-29.513, -60.597, 14.503]
G'09 - G'08	L_VCl	not in a freesurfer parcel	not in a hippocamp subfield	Not Calculated	resection not calculated	[-33.496, -60.636, 14.099]
G'10 - G'09	L_VCl	ctx_lh_S_occipital_ant	not in a hippocamp subfield	Not Calculated	resection not calculated	[-37.378, -60.634, 13.337]
G'11 - G'10	L_VCl	ctx_lh_S_occipital_ant	not in a hippocamp subfield	Not Calculated	resection not calculated	[-41.149, -60.623, 12.3]
G'12 - G'11	L_VCl	ctx_lh_S_occipital_ant	not in a hippocamp subfield	Not Calculated	resection not calculated	[-44.94, -60.633, 11.133]
G'13 - G'12	L_MTCc	ctx_lh_S_occipital_ant	not in a hippocamp subfield	Not Calculated	resection not calculated	[-48.751, -60.643, 10.212]
G'14 - G'13	L_MTCc	ctx_lh_S_temporal_sup	not in a hippocamp subfield	Not Calculated	resection not calculated	[-52.538, -60.646, 9.53]
G'15 - G'14	L_MTCc	ctx_lh_G_temporal_middle	not in a hippocamp subfield	Not Calculated	resection not calculated	[-56.385, -60.646, 8.818]
G'16 - G'15	L_MTCc	ctx_lh_G_temporal_middle	not in a hippocamp subfield	Not Calculated	resection not calculated	[-60.231, -60.62, 8.391]
G'17 - G'16	L_MTCc	ctx_lh_G_temporal_middle	not in a hippocamp subfield	Not Calculated	resection not calculated	[-64.039, -60.614, 8.173]
G'18 - G'17	L_MTCc	not in a freesurfer parcel	not in a hippocamp subfield	Not Calculated	resection not calculated	[-67.872, -60.673, 7.891]
H'02 - H'01	L_STCc	not in a freesurfer parcel	not in a hippocamp subfield	Not Calculated	resection not calculated	[-30.511, -31.292, 5.018]
H'03 - H'02	L_STCc	not in a freesurfer parcel	not in a hippocamp subfield	Not Calculated	resection not calculated	[-34.474, -31.482, 3.902]
H'04 - H'03	L_STCc	not in a freesurfer parcel	not in a hippocamp subfield	Not Calculated	resection not calculated	[-38.489, -31.717, 2.474]
H'05 - H'04	L_STCc	ctx_lh_S_temporal_sup	not in a hippocamp subfield	Not Calculated	resection not calculated	[-42.539, -31.928, 1.138]
H'06 - H'05	L_STCc	ctx_lh_S_temporal_sup	not in a hippocamp subfield	Not Calculated	resection not calculated	[-46.468, -32.083, 0.165]
H'07 - H'06	L_STCc	ctx_lh_S_temporal_sup	not in a hippocamp subfield	Not Calculated	resection not calculated	[-50.264, -32.209, -0.513]
H'08 - H'07	L_STCc	ctx_lh_S_temporal_sup	not in a hippocamp subfield	Not Calculated	resection not calculated	[-54.037, -32.298, -1.027]
H'09 - H'08	L_MTCc	ctx_lh_S_temporal_sup	not in a hippocamp subfield	Not Calculated	resection not calculated	[-57.732, -32.41, -1.625]
H'10 - H'09	L_MTCc	ctx_lh_S_temporal_sup	not in a hippocamp subfield	Not Calculated	resection not calculated	[-61.392, -32.577, -2.614]
H'11 - H'10	L_MTCc	ctx_lh_G_temporal_middle	not in a hippocamp subfield	Not Calculated	resection not calculated	[-65.096, -32.742, -3.68]
H'12 - H'11	L_MTCc	ctx_lh_G_temporal_middle	not in a hippocamp subfield	Not Calculated	resection not calculated	[-68.818, -32.885, -4.541]
K'02 - K'01	L_MCC	ctx_lh_G_and_S_cingul-Mid-Post	not in a hippocamp subfield	Not Calculated	resection not calculated	[-4.738, 3.339, 35.297]
K'03 - K'02	L_MCC	ctx_lh_G_and_S_cingul-Mid-Post	not in a hippocamp subfield	Not Calculated	resection not calculated	[-8.389, 3.134, 34.267]
K'04 - K'03	L_MCC	not in a freesurfer parcel	not in a hippocamp subfield	Not Calculated	resection not calculated	[-12.081, 2.976, 33.393]
K'05 - K'04	not in a mars atlas parcel	not in a freesurfer parcel	not in a hippocamp subfield	Not Calculated	resection not calculated	[-15.812, 2.823, 32.705]
K'06 - K'05	not in a mars atlas parcel	not in a freesurfer parcel	not in a hippocamp subfield	Not Calculated	resection not calculated	[-19.525, 2.669, 31.863]
K'07 - K'06	not in a mars atlas parcel	not in a freesurfer parcel	not in a hippocamp subfield	Not Calculated	resection not calculated	[-23.272, 2.579, 31.042]
K'08 - K'07	not in a mars atlas parcel	not in a freesurfer parcel	not in a hippocamp subfield	Not Calculated	resection not calculated	[-27.015, 2.551, 30.332]
K'09 - K'08	L_PMdl	ctx_lh_S_precentral-inf-part	not in a hippocamp subfield	Not Calculated	resection not calculated	[-30.721, 2.569, 29.697]
K'10 - K'09	L_PMdl	ctx_lh_S_precentral-inf-part	not in a hippocamp subfield	Not Calculated	resection not calculated	[-34.433, 2.567, 29.189]
K'11 - K'10	L_PMdl	ctx_lh_S_precentral-inf-part	not in a hippocamp subfield	Not Calculated	resection not calculated	[-38.154, 2.553, 28.591]
K'12 - K'11	L_PMdl	ctx_lh_S_precentral-inf-part	not in a hippocamp subfield	Not Calculated	resection not calculated	[-41.833, 2.498, 28.028]
K'13 - K'12	L_Mv	ctx_lh_S_precentral-inf-part	not in a hippocamp subfield	Not Calculated	resection not calculated	[-45.507, 2.357, 27.299]
K'14 - K'13	L_Mv	ctx_lh_S_precentral-inf-part	not in a hippocamp subfield	Not Calculated	resection not calculated	[-49.179, 2.207, 26.585]
K'15 - K'14	L_Mv	ctx_lh_S_precentral-inf-part	not in a hippocamp subfield	Not Calculated	resection not calculated	[-52.831, 2.089, 25.944]
P'02 - P'01	L_PCm	ctx_lh_G_precuneus	not in a hippocamp subfield	Not Calculated	resection not calculated	[-3.772, -56.046, 49.071]
P'03 - P'02	L_PCm	ctx_lh_S_subparietal	not in a hippocamp subfield	Not Calculated	resection not calculated	[-6.867, -56.521, 50.759]
P'04 - P'03	L_PCm	ctx_lh_S_subparietal	not in a hippocamp subfield	Not Calculated	resection not calculated	[-10.006, -56.95, 52.514]
P'05 - P'04	L_SPCm	ctx_lh_G_precuneus	not in a hippocamp subfield	Not Calculated	resection not calculated	[-13.265, -57.406, 54.06]
P'06 - P'05	L_SPCm	ctx_lh_G_parietal_sup	not in a hippocamp subfield	Not Calculated	resection not calculated	[-16.566, -57.85, 55.665]
P'07 - P'06	L_SPCm	ctx_lh_G_parietal_sup	not in a hippocamp subfield	Not Calculated	resection not calculated	[-19.86, -58.277, 57.472]
P'08 - P'07	L_SPCm	ctx_lh_G_parietal_sup	not in a hippocamp subfield	Not Calculated	resection not calculated	[-23.09, -58.771, 59.164]
P'09 - P'08	L_SPCm	ctx_lh_G_parietal_sup	not in a hippocamp subfield	Not Calculated	resection not calculated	[-26.311, -59.305, 60.929]
P'10 - P'09	L_SPCm	ctx_lh_G_parietal_sup	not in a hippocamp subfield	Not Calculated	resection not calculated	[-29.568, -59.822, 62.623]
U'02 - U'01	L_Mdm	ctx_lh_G_front_sup	not in a hippocamp subfield	Not Calculated	resection not calculated	[-4.427, -18.834, 56.358]
U'03 - U'02	L_Mdm	ctx_lh_G_and_S_paracentral	not in a hippocamp subfield	Not Calculated	resection not calculated	[-8.221, -19.184, 56.74]
U'04 - U'03	L_Mdm	not in a freesurfer parcel	not in a hippocamp subfield	Not Calculated	resection not calculated	[-11.947, -19.57, 57.11]
U'05 - U'04	not in a mars atlas parcel	not in a freesurfer parcel	not in a hippocamp subfield	Not Calculated	resection not calculated	[-15.633, -20.061, 57.265]
U'06 - U'05	L_Mdm	not in a freesurfer parcel	not in a hippocamp subfield	Not Calculated	resection not calculated	[-19.335, -20.619, 57.098]
U'07 - U'06	L_Mdm	not in a freesurfer parcel	not in a hippocamp subfield	Not Calculated	resection not calculated	[-23.02, -21.154, 56.753]
U'08 - U'07	L_Mdl	not in a freesurfer parcel	not in a hippocamp subfield	Not Calculated	resection not calculated	[-26.648, -21.635, 56.448]
U'09 - U'08	L_Mdl	not in a freesurfer parcel	not in a hippocamp subfield	Not Calculated	resection not calculated	[-30.278, -22.098, 56.164]
U'10 - U'09	L_Mdl	not in a freesurfer parcel	not in a hippocamp subfield	Not Calculated	resection not calculated	[-33.945, -22.598, 55.839]
U'11 - U'10	L_Mdl	ctx_lh_G_precentral	not in a hippocamp subfield	Not Calculated	resection not calculated	[-37.638, -23.103, 55.579]
U'12 - U'11	L_Sdl	ctx_lh_G_precentral	not in a hippocamp subfield	Not Calculated	resection not calculated	[-41.332, -23.543, 55.452]
U'13 - U'12	L_Sdl	ctx_lh_S_central	not in a hippocamp subfield	Not Calculated	resection not calculated	[-45.006, -23.969, 55.459]
U'14 - U'13	L_Sdl	ctx_lh_G_postcentral	not in a hippocamp subfield	Not Calculated	resection not calculated	[-48.725, -24.439, 55.673]
U'15 - U'14	L_Sdl	ctx_lh_G_postcentral	not in a hippocamp subfield	Not Calculated	resection not calculated	[-52.488, -24.902, 56.255]
X'02 - X'01	L_Sdm	ctx_lh_S_cingul-Marginalis	not in a hippocamp subfield	Not Calculated	resection not calculated	[-8.381, -43.739, 48.524]
X'03 - X'02	L_Sdm	ctx_lh_S_cingul-Marginalis	not in a hippocamp subfield	Not Calculated	resection not calculated	[-11.977, -44.404, 48.346]
X'04 - X'03	L_Sdm	ctx_lh_S_cingul-Marginalis	not in a hippocamp subfield	Not Calculated	resection not calculated	[-15.617, -45.063, 48.078]
X'05 - X'04	L_Sdm	not in a freesurfer parcel	not in a hippocamp subfield	Not Calculated	resection not calculated	[-19.311, -45.728, 47.627]
X'06 - X'05	L_SPCm	not in a freesurfer parcel	not in a hippocamp subfield	Not Calculated	resection not calculated	[-23.015, -46.366, 47.207]
X'07 - X'06	L_SPCm	ctx_lh_S_intrapariet_and_P_trans	not in a hippocamp subfield	Not Calculated	resection not calculated	[-26.631, -46.981, 46.852]
X'08 - X'07	L_SPCm	ctx_lh_S_intrapariet_and_P_trans	not in a hippocamp subfield	Not Calculated	resection not calculated	[-30.245, -47.584, 46.556]
X'09 - X'08	L_SPCm	ctx_lh_G_parietal_sup	not in a hippocamp subfield	Not Calculated	resection not calculated	[-33.934, -48.232, 46.2]
X'10 - X'09	L_SPC	ctx_lh_S_intrapariet_and_P_trans	not in a hippocamp subfield	Not Calculated	resection not calculated	[-37.671, -48.934, 45.76]
X'11 - X'10	L_SPC	ctx_lh_S_intrapariet_and_P_trans	not in a hippocamp subfield	Not Calculated	resection not calculated	[-41.438, -49.643, 45.2]
X'12 - X'11	L_SPC	ctx_lh_S_intrapariet_and_P_trans	not in a hippocamp subfield	Not Calculated	resection not calculated	[-45.198, -50.345, 44.466]
X'13 - X'12	L_IPCd	ctx_lh_S_interm_prim-Jensen	not in a hippocamp subfield	Not Calculated	resection not calculated	[-48.991, -51.006, 43.818]
X'14 - X'13	L_VCs	ctx_lh_G_pariet_inf-Angular	not in a hippocamp subfield	Not Calculated	resection not calculated	[-52.81, -51.637, 43.452]
X'15 - X'14	L_VCs	ctx_lh_G_pariet_inf-Angular	not in a hippocamp subfield	Not Calculated	resection not calculated	[-56.629, -52.229, 43.461]
Y'02 - Y'01	L_PCC	ctx_lh_S_subparietal	not in a hippocamp subfield	Not Calculated	resection not calculated	[-8.248, -38.89, 33.69]
Y'03 - Y'02	L_PCC	ctx_lh_S_subparietal	not in a hippocamp subfield	Not Calculated	resection not calculated	[-11.859, -38.383, 33.728]
Y'04 - Y'03	L_PCC	not in a freesurfer parcel	not in a hippocamp subfield	Not Calculated	resection not calculated	[-15.381, -37.912, 33.863]
Y'05 - Y'04	not in a mars atlas parcel	not in a freesurfer parcel	not in a hippocamp subfield	Not Calculated	resection not calculated	[-18.927, -37.497, 33.498]
Y'06 - Y'05	not in a mars atlas parcel	not in a freesurfer parcel	not in a hippocamp subfield	Not Calculated	resection not calculated	[-22.598, -37.096, 32.708]
Y'07 - Y'06	not in a mars atlas parcel	not in a freesurfer parcel	not in a hippocamp subfield	Not Calculated	resection not calculated	[-26.328, -36.715, 31.89]
Y'08 - Y'07	not in a mars atlas parcel	not in a freesurfer parcel	not in a hippocamp subfield	Not Calculated	resection not calculated	[-30.107, -36.297, 31.242]
Y'09 - Y'08	not in a mars atlas parcel	not in a freesurfer parcel	not in a hippocamp subfield	Not Calculated	resection not calculated	[-33.909, -35.863, 30.752]
Y'10 - Y'09	not in a mars atlas parcel	not in a freesurfer parcel	not in a hippocamp subfield	Not Calculated	resection not calculated	[-37.711, -35.409, 30.247]
Y'11 - Y'10	L_IPCv	not in a freesurfer parcel	not in a hippocamp subfield	Not Calculated	resection not calculated	[-41.554, -34.942, 29.693]
Y'12 - Y'11	L_IPCv	not in a freesurfer parcel	not in a hippocamp subfield	Not Calculated	resection not calculated	[-45.452, -34.455, 29.115]
Y'13 - Y'12	L_IPCv	not in a freesurfer parcel	not in a hippocamp subfield	Not Calculated	resection not calculated	[-49.311, -33.971, 28.731]
Y'14 - Y'13	L_IPCv	WM-hypointensities	not in a hippocamp subfield	Not Calculated	resection not calculated	[-53.137, -33.473, 28.784]
Y'15 - Y'14	L_IPCv	ctx_lh_G_pariet_inf-Supramar	not in a hippocamp subfield	Not Calculated	resection not calculated	[-56.947, -32.936, 29.04]
Y'16 - Y'15	L_IPCv	ctx_lh_G_pariet_inf-Supramar	not in a hippocamp subfield	Not Calculated	resection not calculated	[-60.637, -32.435, 29.301]
Y'17 - Y'16	L_IPCv	ctx_lh_G_pariet_inf-Supramar	not in a hippocamp subfield	Not Calculated	resection not calculated	[-64.287, -31.908, 29.566]
Y'18 - Y'17	L_IPCv	ctx_lh_G_pariet_inf-Supramar	not in a hippocamp subfield	Not Calculated	resection not calculated	[-67.964, -31.34, 29.787]
Z'02 - Z'01	L_MCC	ctx_lh_G_and_S_cingul-Mid-Post	not in a hippocamp subfield	Not Calculated	resection not calculated	[-7.558, -19.997, 37.49]
Z'03 - Z'02	L_MCC	ctx_lh_G_and_S_cingul-Mid-Post	not in a hippocamp subfield	Not Calculated	resection not calculated	[-11.305, -19.918, 37.415]
Z'04 - Z'03	L_Mdm	ctx_lh_G_and_S_cingul-Mid-Post	not in a hippocamp subfield	Not Calculated	resection not calculated	[-15.049, -19.857, 37.025]
Z'05 - Z'04	L_Mdm	not in a freesurfer parcel	not in a hippocamp subfield	Not Calculated	resection not calculated	[-18.764, -19.786, 36.685]
Z'06 - Z'05	not in a mars atlas parcel	not in a freesurfer parcel	not in a hippocamp subfield	Not Calculated	resection not calculated	[-22.509, -19.718, 36.458]
Z'07 - Z'06	not in a mars atlas parcel	not in a freesurfer parcel	not in a hippocamp subfield	Not Calculated	resection not calculated	[-26.226, -19.669, 36.255]
Z'08 - Z'07	L_Mdl	not in a freesurfer parcel	not in a hippocamp subfield	Not Calculated	resection not calculated	[-29.953, -19.64, 35.947]
Z'09 - Z'08	L_Mdl	ctx_lh_S_central	not in a hippocamp subfield	Not Calculated	resection not calculated	[-33.781, -19.643, 35.5]
Z'10 - Z'09	L_Sdl	ctx_lh_S_central	not in a hippocamp subfield	Not Calculated	resection not calculated	[-37.626, -19.62, 35.241]
Z'11 - Z'10	L_Sdl	ctx_lh_S_central	not in a hippocamp subfield	Not Calculated	resection not calculated	[-41.476, -19.529, 35.387]
Z'12 - Z'11	L_Sdl	ctx_lh_S_central	not in a hippocamp subfield	Not Calculated	resection not calculated	[-45.305, -19.444, 35.774]
Z'13 - Z'12	L_Sdl	ctx_lh_S_postcentral	not in a hippocamp subfield	Not Calculated	resection not calculated	[-49.114, -19.315, 36.188]
Z'14 - Z'13	L_Sdl	ctx_lh_S_postcentral	not in a hippocamp subfield	Not Calculated	resection not calculated	[-52.885, -19.114, 36.7]
Z'15 - Z'14	L_Sdl	ctx_lh_S_postcentral	not in a hippocamp subfield	Not Calculated	resection not calculated	[-56.612, -18.924, 37.301]


